"Are you sure you want to do this?","Sind Sie sicher, dass Sie dies tun möchten?"
"Delete Consent","Einwilligung löschen"
"Personal Data","Persönliche Daten"
Anonymise,Anonymisieren
"Are you sure you want to anonymise personal data?","Sind Sie sicher, dass Sie personenbezogene Daten anonymisieren möchten?"
Download,Herunterladen
Delete,Löschen
"Are you sure you want to delete personal data? (Personal data in previously created orders, invoices, shipments and credit memos will be anonymised then.)","Sind Sie sicher, dass Sie persönliche Daten löschen möchten? (Personenbezogene Daten in zuvor erstellten Bestellungen, Rechnungen, Sendungen und Gutschriften werden dann anonymisiert.)"
Clone,Kopieren
"Save and Continue Edit","Speichern und weiter bearbeiten"
Save,Speichern
Send,Senden
"We would like to inform you that our Privacy Policy has been amended.","Wir möchten Sie darüber informieren, dass unsere Datenschutzrichtlinien geändert wurden."
"Please, read and accept the new terms.","Bitte lesen und akzeptieren Sie die neuen Bedingungen."
"Policies text","Richtlinientext"
"Here you can download a copy of your personal data which we store for your order in CSV format.","Hier können Sie eine Kopie Ihrer persönlichen Daten, die wir für Ihre Bestellung speichern, im CSV-Format herunterladen."
"Here you can download a copy of your personal data which we store for your account in CSV format.","Hier können Sie eine Kopie Ihrer personenbezogenen Daten herunterladen, die wir für Ihr Konto im CSV-Format speichern."
"Download personal data","Persönliche Daten herunterladen"
"Merge into one file","In einer Datei zusammenfassen"
"Anonymise personal data","Personenbezogene Daten anonymisieren"
"By clicking ‘Agree and Proceed’ you agree that your personal data will be replaced with non-personal anonymous information. When you receive a new login email, your email address and all other personal data will be deleted from the website.","Ihre personenbezogenen Daten werden durch nicht personenbezogene anonyme Informationen ersetzt. Wenn Sie ein neues Login per E-Mail erhalten, werden Ihre E-Mail-Adresse und alle anderen persönlichen Daten von der Website entfernt."
"I agree and I want to proceed","Ich stimme zu und möchte fortfahren"
Agree and Proceed,Fortfahren
"Delete account","Konto löschen"
"By clicking 'Agree and Submit request' button you agree that all your orders, personal data and other information associated with your account or purchases will be lost. You will not be able to regain access to your account after we approve your deletion request.","Alle Ihre Bestellungen, persönlichen Daten und andere Informationen im Zusammenhang mit Ihrem Konto oder Ihren Einkäufen gehen verloren. Sie können den Zugriff auf Ihr Konto nicht wiederherstellen, nachdem wir Ihren Antrag auf Entfernung genehmigt haben."
"I understand and I want to delete my account","Ich habe verstanden und möchte mein Konto löschen"
"Agree and Submit request","Anfrage einreichen"
"Given Consent","Einwilligung erteilt"
"Here you can opt in or opt out from consents that were previously given.","Hier können Sie sich von zuvor erteilten Einwilligungen ein- oder austragen."
"Send Email","E-Mail senden"
"Action Log","Aktionsprotokoll"
"Action logs was successfully removed.","Aktionsprotokolle wurden erfolgreich entfernt."
"Consent Log","Zustimmungsprotokoll"
"Consent logs was successfully removed.","Einwilligungsprotokolle wurden erfolgreich entfernt."
"Customers Consents Email Queue","E-Mail-Warteschlange für Kundenzustimmungen"
"%1 customer(s) has been successfully added to email queue","%1 Kunde(n) wurde(n) erfolgreich zur E-Mail-Warteschlange hinzugefügt"
"You have successfully deleted the consent","Sie haben die Einwilligung erfolgreich gelöscht"
"We can't delete item right now. Please review the log and try again.","Wir können das Element momentan nicht löschen. Bitte überprüfen Sie das Protokoll und versuchen Sie es erneut."
"Edit Consent","Einwilligung bearbeiten"
"This consent no longer exists...","Diese Einwilligung besteht nicht mehr..."
"New Consent","Neue Einwilligung"
"Consent Checkboxes","Zustimmungs-Checkboxen"
"An error has occurred","Ein Fehler ist aufgetreten"
"You saved the consent.","Sie haben die Einwilligung gespeichert."
"Consent with code %1 already exists.","Zustimmung mit Code %1 existiert bereits."
"Cookie Policy Consents","Zustimmung zur Cookie-Richtlinien"
"Personal data cannot be anonymised right now, because the customer has non-completed order(s): %1","Personenbezogene Daten können derzeit nicht anonymisiert werden, da der Kunde noch nicht abgeschlossene Bestellung(en) hat: %1"
"Personal data cannot be anonymised right now, because the customer has active Gift Registry.","Personenbezogene Daten können derzeit nicht anonymisiert werden, da der Kunde über eine aktive Geschenkliste verfügt."
"An error has occurred: %1","Ein Fehler ist aufgetreten: %1"
"Personal data cannot be deleted right now, because the customer has non-completed order(s): %1","Persönliche Daten können derzeit nicht gelöscht werden, da der Kunde noch nicht abgeschlossene Bestellung(en) hat: %1"
"Personal data cannot be deleted right now, because the customer has active Gift Registry.","Persönliche Daten können derzeit nicht gelöscht werden, da der Kunde über eine aktive Geschenkliste verfügt."
"This policy no longer exists.","Diese Richtlinie existiert nicht mehr."
"You deleted the policy.","Sie haben die Richtlinie gelöscht."
"New Privacy Policy","Neue Datenschutzrichtlinie"
"Edit Privacy Policy %1","Datenschutzrichtlinie %1 bearbeiten"
"Privacy Policy","Datenschutz-Bestimmungen"
"Please correct the data sent.","Bitte korrigieren Sie die gesendeten Daten."
"Something went wrong while saving the question.","Beim Speichern der Frage ist ein Fehler aufgetreten."
"%1 policies(s) has been successfully deleted","%1 Richtlinie(n) wurde(n) erfolgreich gelöscht"
"Privacy policy with the same version already exists.","Datenschutzerklärung mit der gleichen Version existiert bereits."
"You saved the item.","Sie haben das Element gespeichert."
"%1 customer(s) has been successfully deleted","%1 Kunde(n) wurde(n) erfolgreich gelöscht"
"%1 customer(s) has not been successfully deleted, because they have non-completed order(s)","%1 Kunde(n) wurde(n) nicht erfolgreich gelöscht, da sie nicht abgeschlossene Bestellung(en) haben"
"Delete Requests","Anfragen löschen"
"Deny Delete Requests","Löschanforderungen ablehnen"
"An error has occurred. Please check logs for more details","Ein Fehler ist aufgetreten. Bitte überprüfen Sie die Protokolle für weitere Details"
"%1 email(s) has been sent","%1 E-Mail(s) wurde(n) gesendet"
"Invalid Form Key. Please refresh the page.","Ungültiger Formularschlüssel. Bitte aktualisieren Sie die Seite."
"Access denied.","Zugriff verweigert."
"Wrong Password. Please recheck it.","Falsches Passwort. Bitte überprüfen Sie es erneut."
"Your delete account request is awaiting for the review by the administrator.","Ihr Antrag auf Kontolöschung wartet auf die Überprüfung durch den Administrator."
"We can not process your account deletion request right now, because you have active Gift Registry.","Wir können Ihren Antrag auf Kontolöschung derzeit nicht bearbeiten, da Sie eine aktive Geschenkliste haben."
"Thank you, your account delete request was recorded.","Vielen Dank, Ihre Anfrage zum Löschen Ihres Kontos wurde aufgezeichnet."
"Something went wrong.","Etwas ist schief gelaufen."
"We can not anonymize your account right now, because you have non-completed order(s):%1","Wir können Ihr Konto derzeit nicht anonymisieren, da Sie noch nicht abgeschlossene Bestellungen haben: %1"
"We can not anonymize your account right now, because you have active Gift Registry","Wir können Ihr Konto derzeit nicht anonymisieren, da Sie eine aktive Geschenkliste haben"
"We can not anonymize order","Wir können die Bestellung nicht anonymisieren"
"Anonymization was successful","Die Anonymisierung war erfolgreich"
"Thank you for your cooperation. Your consent was recorded.","Danke für Ihre Kooperation. Ihre Einwilligung wurde protokolliert."
"Changes has been saved.","Änderungen wurden gespeichert."
"Invalid Policy version.","Ungültige Richtlinienversion."
"Invalid Policy action.","Ungültige Richtlinienaktion."
"Privacy policy accepted.","Datenschutzbestimmungen akzeptiert."
"Unable to save actionLog with ID %1. Error: %2","Aktionsprotokoll mit ID %1 kann nicht gespeichert werden. Fehler: %2"
"Unable to save new actionLog. Error: %1","Neues Aktionsprotokoll kann nicht gespeichert werden. Fehler: %1"
"ActionLog with specified ID ""%1"" not found.","Aktionsprotokoll mit angegebener ID ""%1"" nicht gefunden."
"Unable to remove actionLog with ID %1. Error: %2","Aktionsprotokoll mit ID %1 kann nicht entfernt werden. Fehler: %2"
"Unable to remove actionLog. Error: %1","Aktionsprotokoll kann nicht gelöscht werden. Fehler: %1"
"The ""%1"" anonymization type isn't defined. Verify the type and try again.","Der Anonymisierungstyp „%1“ ist nicht definiert. Überprüfen Sie den Typ und versuchen Sie es erneut."
"Delete Request Submitted","Löschanfrage übermittelt"
"Delete Request Approved","Löschanforderung genehmigt"
"Delete Request Denied","Löschanforderung abgelehnt"
"Data Anonymised by Customer","Daten anonymisiert durch den Kunden"
"Data Anonymised by Admin","Daten anonymisiert durch den Administrator"
"Data Anonymised by Guest","Daten anonymisiert durch den Gast"
"Failed Data Anonymization by Guest","Fehlgeschlagene Datenanonymisierung durch den Gast"
"Failed Data Anonymization by Customer","Fehlgeschlagene Datenanonymisierung durch den Kunden"
"Personal Data Deleted by Admin","Persönliche Daten vom Administrator gelöscht"
"Personal Data Downloaded by Customer","Vom Kunden heruntergeladene personenbezogene Daten"
"Personal Data Downloaded by Guest","Vom Gast heruntergeladene personenbezogene Daten"
"Automatic Delete","Automatisches Löschen"
"Customer's Request","Kundenwunsch"
Pending,Ausstehend
Success,Erfolg
Fail,Fehlgeschlagen
Allow,Erlauben
"Don't Allow for Statuses","Status nicht zulassen"
"Don't Delete","Nicht löschen"
"Yes (Recommended)","Ja (empfohlen)"
No,Nein
"[STORE VIEW]","[STORE VIEW]"
"Consent with specified ID ""%1"" not found.","Zustimmung mit angegebener ID ""%1"" nicht gefunden."
"Consent with consent code %1 not found","Zustimmung mit Zustimmungscode %1 nicht gefunden"
"Unable to remove model without id","Modell kann ohne ID nicht entfernt werden"
"Unable to remove consent, message is %1","Zustimmung kann nicht entfernt werden, Nachricht ist %1"
"Unable to save consent with ID %1. Error: %2","Zustimmung mit ID %1 kann nicht gespeichert werden. Fehler: %2"
"Unable to save new consent. Error: %1","Neue Zustimmung kann nicht gespeichert werden. Fehler: %1"
"Data consistency is broken. There is no entity by default store for a consent with ID %1","Die Datenkonsistenz ist fehlerhaft. Es gibt keinen standardmäßigen Entitätsspeicher für eine Einwilligung mit der ID %1"
"Unable to save deleteRequest with ID %1. Error: %2","deleteRequest mit ID %1 kann nicht gespeichert werden. Fehler: %2"
"Unable to save new deleteRequest. Error: %1","Neue deleteRequest kann nicht gespeichert werden. Fehler: %1"
"DeleteRequest with specified ID ""%1"" not found.","DeleteRequest mit angegebener ID ""%1"" nicht gefunden."
"Unable to remove deleteRequest with ID %1. Error: %2","deleteRequest mit ID %1 kann nicht entfernt werden. Fehler: %2"
"Unable to remove deleteRequest. Error: %1","deleteRequest kann nicht entfernt werden. Fehler: %1"
"Invalid guest customer session","Ungültige Sitzung des Gastkunden"
"Invalid order increment ID","Ungültige order increment ID"
Registration,Anmeldung
Checkout,Kasse
"Contact Us","Kontaktieren Sie uns"
"Newsletter Subscription","Newsletter-Abonnement"
Email,E-Mail
"Optional Consent at Account Privacy Settings","Optionale Zustimmung zu den Datenschutzeinstellungen des Kontos"
Draft,Entwurf
Disabled,Deaktiviert
Enabled,Aktiviert
"Policy is active","Richtlinie ist aktiv"
"Unable to save policy with ID %1. Error: %2","Die Richtlinie mit der ID %1 kann nicht gespeichert werden. Fehler: %2"
"Unable to save new policy. Error: %1","Neue Richtlinie kann nicht gespeichert werden. Fehler: %1"
"Policy with specified ID ""%1"" not found.","Richtlinie mit der angegebenen ID ""%1"" nicht gefunden."
"Unable to remove policy with ID %1. Error: %2","Die Richtlinie mit der ID %1 kann nicht entfernt werden. Fehler: %2"
"Unable to remove policy. Error: %1","Richtlinie kann nicht entfernt werden. Fehler: %1"
"Unable to save consentQueue with ID %1. Error: %2","Zustimmungswarteschlange mit ID %1 kann nicht gespeichert werden. Fehler: %2"
"Unable to save new consentQueue. Error: %1","Die neue Zustimmungswarteschlange kann nicht gespeichert werden. Fehler: %1"
"ConsentQueue with specified ID ""%1"" not found.","ConsentQueue mit angegebener ID ""%1"" nicht gefunden."
"Unable to remove consentQueue with ID %1. Error: %2","ConsentQueue mit ID %1 kann nicht entfernt werden. Fehler: %2"
"Unable to remove consentQueue. Error: %1","ConsentQueue kann nicht entfernt werden. Fehler: %1"
"Unable to save withConsent with ID %1. Error: %2","Speichern mit Zustimmung mit ID %1 nicht möglich. Fehler: %2"
"Unable to save new withConsent. Error: %1","Neu speichern mit Zustimmung nicht möglich. Fehler: %1"
"WithConsent with specified ID ""%1"" not found.","WithConsent mit angegebener ID ""%1"" nicht gefunden."
"Unable to remove withConsent with ID %1. Error: %2","WithConsent mit ID %1 kann nicht entfernt werden. Fehler: %2"
"Unable to remove withConsent. Error: %1","Entfernen mit Zustimmung nicht möglich. Fehler: %1"
Guest,Gast
"Checkbox Location Option Group has empty name","Checkbox Location Options Group hat einen leeren Namen"
"Option Source with code %1 not implements OptionSourceInterface","Optionsquelle mit Code %1 implementiert OptionSourceInterface nicht"
name,name
"Privacy Policy Popup","Datenschutz-Popup"
"GDPR Privacy policy","DSGVO-Datenschutzrichtlinie"
"CMS Page","CMS-Seite"
"All Countries","Alle Länder"
"EEA Countries","EWR-Länder"
"Specified Countries","Bestimmte Länder"
Accept,Akzeptieren
Decline,Ablehnen
"Policy Confirmation Required","Richtlinienbestätigung erforderlich"
"Privacy Checkbox","Datenschutz-Checkbox"
"%1 file extension is not supported","%1 Dateierweiterung wird nicht unterstützt"
"Kindly be informed that Active or Disabled Privacy Policy cannot be amended. Please use the CLONE function to create a new Privacy Policy version and amend the text.","Bitte beachten Sie, dass die aktive oder deaktivierte Datenschutzrichtlinie nicht geändert werden kann.  Bitte verwenden Sie die KOPIER-Funktion, um eine neue Version der Datenschutzrichtlinie zu erstellen und den Text zu ändern."
"Current Password","Aktuelles Passwort"
"Read Privacy Policy","Datenschutzrichtlinie lesen"
"Read Cookie Policy","Cookie-Richtlinie lesen"
Close,Schließen
"Dear %customer_name","Sehr geehrter %customer_name"
"In response to your recent request, your account was anonymized. Please, notice that all changes couldn't be reverted.","Als Antwort auf Ihre letzte Anfrage wurde Ihr Konto anonymisiert. Bitte beachten Sie, dass nicht alle Änderungen rückgängig gemacht werden konnten."
"To login please use the following anonymized e-mail address: %anonymous_email","Verwenden Sie zur Anmeldung bitte folgende anonymisierte E-Mail-Adresse: %anonymous_email"
"Best regards","Mit freundlichen Grüßen"
"This email was sent to you because your account has been deleted due to your recent request. Please, notice that all changes couldn't be reverted.","Diese E-Mail wurde an Sie gesendet, weil Ihr Konto aufgrund Ihrer letzten Anfrage gelöscht wurde. Bitte beachten Sie, dass nicht alle Änderungen rückgängig gemacht werden konnten."
"Our Privacy Policy has been amended","Unsere Datenschutzerklärung wurde geändert"
"We would like to inform you that our Privacy Policy has been amended. Due to the changes related to the EU GDPR (General Data Protection Regulation), we are required to notify you about this update and are required to get your consent to the updated policy.","Wir möchten Sie darüber informieren, dass unsere Datenschutzerklärung geändert wurde. Aufgrund der Änderungen im Zusammenhang mit der EU-DSGVO (Datenschutz-Grundverordnung) müssen wir Sie über diese Aktualisierung informieren und Ihre Zustimmung zu der aktualisierten Richtlinie einholen."
"There are no major differences, we still take care of all your personal data, we store it securely and use it only for processing your orders and support requests.","Es gibt keine großen Unterschiede, wir kümmern uns weiterhin um alle Ihre persönlichen Daten, speichern sie sicher und verwenden sie nur zur Bearbeitung Ihrer Bestellungen und Supportanfragen."
"I have read and accept","Ich habe gelesen und akzeptiere"
Hello,Hallo
"You have received a new personal data deletion request from the customer - %customer_name","Sie haben eine neue Anfrage zum Löschen personenbezogener Daten vom Kunden erhalten – %customer_name"
"Please, visit the request deletion grid.","Bitte besuchen Sie das Raster zum Löschen von Anfragen."
"Hello %customer_name","Hallo %customer_name"
"Your delete request was denied at this time due to the following reason: %comment","Ihre Löschanfrage wurde zu diesem Zeitpunkt aus folgendem Grund abgelehnt: %comment"
"Personal Data Protection","Schutz personenbezogener Daten"
General,Allgemein
"On the Frontend.","Auf dem Front-End."
"Display Privacy Policy Popup on First Visit","Beim ersten Besuch das Popup-Fenster der Datenschutzrichtlinie anzeigen"
"When a new customer opens the website, the privacy policy popup will be displayed. When a new version of Privacy Policy is issued, the popup will be displayed to those users who have not accepted the policy yet.","Wenn ein neuer Kunde die Website öffnet, wird das Popup-Fenster der Datenschutzrichtlinie angezeigt. Wenn eine neue Version der Datenschutzrichtlinie herausgegeben wird, wird das Popup den Benutzern angezeigt, die die Richtlinie noch nicht akzeptiert haben."
"Log Guest Consent","Zustimmung des Gastes protokollieren"
"If enabled, guest users who give the consent will be logged and displayed in Consent Log.","Wenn aktiviert, werden Gastbenutzer, die die Zustimmung geben, protokolliert und im Zustimmungsprotokoll angezeigt."
"Log Auto-Cleaning","Protokolliere Automatische Reinigung"
"The records that were saved for a longer period than the specified below will be automatically removed from Consent and Action Logs.","Die Aufzeichnungen, die länger als unten angegeben gespeichert wurden, werden automatisch aus den Einwilligungs- und Aktionsprotokollen entfernt."
"Log Auto-Cleaning Period (Days)","Zeitraum der automatischen Protokollreinigung (Tage)"
"The records that were saved for a longer period than you specified in the field will be automatically removed from Consent and Action Logs.","Die Aufzeichnungen, die länger gespeichert wurden, als Sie im Feld angegeben haben, werden automatisch aus den Zustimmungs- und Aktionsprotokollen entfernt."
"Customer’s Account Privacy Settings","Datenschutzeinstellungen des Kundenkontos"
"Privacy Settings Tab Name","Name der Registerkarte „Datenschutzeinstellungen“."
"The setting allows you to set a custom name for the privacy settings navigation link in the customer’s account.","Mit dieser Einstellung können Sie einen benutzerdefinierten Namen für den Navigationslink für die Datenschutzeinstellungen im Kundenkonto festlegen."
"Enable Policies Text Section","Richtlinientextabschnitt aktivieren"
"Allow Downloading Personal Data","Herunterladen personenbezogener Daten zulassen"
"If enabled, customers will be able to download their personal data.","Wenn aktiviert, können Kunden ihre persönlichen Daten herunterladen."
"Allow Anonymizing Personal Data","Anonymisierung personenbezogener Daten zulassen"
"If enabled, customers will be able to anonymize their personal data.","Wenn aktiviert, können Kunden ihre persönlichen Daten anonymisieren."
"Allow Deleting Account","Löschen des Accounts zulassen"
"If enabled, customers will be able to delete their accounts.","Wenn diese Option aktiviert ist, können Kunden ihre Konten löschen."
"Allow Opting Out from Given Consent","Abmeldung von erteilter Einwilligung zulassen"
"If enabled, the section Given Consent will be added to customer account for customers to be able to opt in or opt out from given consent. The checkboxes with the enabled option ‘Hide the Checkbox after User Gave the Consent’ will be displayed under the Given Consent section. When the option 'Hide the Checkbox after User Gave the Consent’ is disabled for checkboxes, they will not be added to the Given Consent section since the system will always display these checkboxes on selected forms even if the consent was given.","Wenn diese Option aktiviert ist, wird der Abschnitt „Erteilte Zustimmung“ zum Kundenkonto hinzugefügt, damit Kunden sich für eine erteilte Zustimmung entscheiden oder diese ablehnen können. Die Kontrollkästchen mit der aktivierten Option „Kontrollkästchen ausblenden, nachdem der Benutzer die Zustimmung gegeben hat“ werden im Abschnitt „Erteilte Zustimmung“ angezeigt. Wenn die Option „Kontrollkästchen ausblenden, nachdem der Benutzer die Zustimmung gegeben hat“ für Kontrollkästchen deaktiviert ist, werden sie nicht zum Abschnitt „Erteilte Zustimmung“ hinzugefügt, da das System diese Kontrollkästchen immer auf ausgewählten Formularen anzeigt, selbst wenn die Zustimmung erteilt wurde."
"Download Fields with Filled Values Only","Nur Felder mit ausgefüllten Werten herunterladen"
"If enabled, the fields with empty values will be skipped in downloaded files.","Wenn aktiviert, werden die Felder mit leeren Werten in heruntergeladenen Dateien übersprungen."
"Exclude Fields from Download","Felder ausschließen"
"Each field name from a new line.","Jedes Feld aus einer neuen Reihe."
"Display Data Protection Officer Information","Informationen zum Datenschutzbeauftragten anzeigen"
"If enabled, customers will be able to get information about your Data Protection Officer added to a separate section at their accounts.","Wenn diese Option aktiviert ist, können Kunden Informationen über Ihren Datenschutzbeauftragten erhalten, die in einem separaten Abschnitt in ihren Konten hinzugefügt werden."
"Section Name","Abteilungsname"
"Data Protection Officer Email","E-Mail des Datenschutzbeauftragten"
"You can set only one email address in this field.","Sie können in diesem Feld nur eine E-Mail-Adresse angeben."
"Email address of the Data Protection Officer or department within your company.","E-Mail-Adresse des Datenschutzbeauftragten oder der Abteilung in Ihrem Unternehmen."
"Data Protection Officer information","Informationen zum Datenschutzbeauftragten"
"Personal Data Deletion and Anonymization","Löschung und Anonymisierung personenbezogener Daten"
"Automatic Personal Data Deletion","Automatische Löschung personenbezogener Daten"
"Delete Personal Data of Abandoned Customer’s Accounts","Löschen Sie personenbezogene Daten von nicht benutzten Kundenkonten"
"The extension will scan customers and their orders. If a customer’s last order was made earlier than the specified number of days the extension will create a deletion request. You will be able to find it on the ‘Delete Requests’ grid","Die Erweiterung scannt Kunden und ihre Bestellungen. Wenn die letzte Bestellung eines Kunden vor der angegebenen Anzahl von Tagen aufgegeben wurde, erstellt die Erweiterung eine Löschanfrage. Sie finden diese im Raster „Anfragen löschen“."
"Abandoned Customer’s Accounts Automatic Deletion Period (Days)","Automatischer Löschzeitraum für aufgegebene Kundenkonten (Tage)"
"The extension will scan customers and their orders. If a customer’s last order was made earlier than the specified number of days the extension will create a deletion request. You will be able to find it on the ‘Delete Requests’ grid.","Die Erweiterung scannt Kunden und ihre Bestellungen. Wenn die letzte Bestellung eines Kunden vor der angegebenen Anzahl von Tagen aufgegeben wurde, erstellt die Erweiterung eine Löschanfrage. Sie finden diese im Raster „Anfragen löschen“."
"Prevent Data Deletion of Recent Orders","Datenlöschung der letzten Bestellungen verhindern"
"Deletion of Personal Data in Recent Documents","Löschung personenbezogener Daten in aktuellen Dokumenten"
"When a customer asks to delete personal data and the request is approved, the extension deletes their account, subscriptions, and the data in orders, invoices, shipments, and credit memos. Given disabled, it could cause problem for a store owner as these should be stored for a specific period of time.<br><br>The feature keeps personal data untouched in orders, invoices, shipments and credit memos for the set period after deleting customer’s account. When the period expires the personal data in the documents will be automatically deleted.","Wenn ein Kunde die Löschung personenbezogener Daten beantragt und die Anfrage genehmigt wird, löscht die Erweiterung sein Konto, seine Abonnements und die Daten in Bestellungen, Rechnungen, Lieferungen und Gutschriften. Wenn dies deaktiviert ist, kann dies für einen store owner zu Problemen führen, da diese für einen bestimmten Zeitraum gespeichert werden sollten.<br><br>Die Funktion lässt personenbezogene Daten in Bestellungen, Rechnungen, Lieferungen und Gutschriften für den festgelegten Zeitraum nach dem Löschen des Kundenkontos unberührt. Nach Ablauf der Frist werden die personenbezogenen Daten in den Dokumenten automatisch gelöscht."
"Prevent Data Deletion Period (Days)","Datenlöschungszeitraum verhindern (Tage)"
"After a customer deletes the account, personal data will stay untouched in orders, invoices, shipments and credit memos for the set period. When the set time expires the personal data will be automatically deleted.","Nachdem ein Kunde das Konto gelöscht hat, bleiben personenbezogene Daten in Bestellungen, Rechnungen, Lieferungen und Gutschriften für den festgelegten Zeitraum unberührt. Nach Ablauf der eingestellten Zeit werden die personenbezogenen Daten automatisch gelöscht."
"Anonymization/Deletion of Personal Data for Orders in Specified Status(es)","Anonymisierung/Löschung von personenbezogenen Daten für Bestellungen in bestimmten Status(n)"
"If enabled a customer won’t be allowed anonymizing and deleting their personal data if the order is now in one of the specified statuses. A store admin won't be able to approve a request for personal data deletion as well.","Wenn aktiviert, ist es einem Kunden nicht erlaubt, seine persönlichen Daten zu anonymisieren und zu löschen, wenn sich die Bestellung jetzt in einem der angegebenen Status befindet. Ein Shop-Admin wird nicht in der Lage sein, einen Antrag auf Löschung persönlicher Daten zu genehmigen."
"Order Statuses","Auftragsstatus"
"After changing the Privacy Policy your customers will get an email with a new version of the Privacy Policy.","Nach der Änderung der Datenschutzrichtlinie erhalten Ihre Kunden eine E-Mail mit einer neuen Version der Datenschutzrichtlinie."
"Your Magento store admin user will get an email when a customer submits a new request for deleting their account.","Ihr Magento-Store-Admin-Benutzer erhält eine E-Mail, wenn ein Kunde einen neuen Antrag zur Löschung seines Kontos stellt."
"Customers are able to anonymize their personal data. After anonymizing, they will get an email with the new credentials for login their account.","Kunden können ihre persönlichen Daten anonymisieren. Nach der Anonymisierung erhalten sie eine E-Mail mit den neuen Anmeldeinformationen zur Anmeldung ihres Kontos."
"Forbid Customer's Personal Data Anonymization and Deletion if They Have Gift Registries","Verbieten Sie die Anonymisierung und Löschung der personenbezogenen Daten des Kunden, wenn er eine Geschenkliste hat"
"Email Notifications","E-Mail Benachrichtigungen"
"Anonymization Notifications","Anonymisierungsbenachrichtigungen"
"Email Sender","E-Mail-Absender"
"Email Reply To","E-Mail-Antwort an"
"Specify the email address for customer's replies or leave blank to use the sender address.","Geben Sie die E-Mail-Adresse für Kundenantworten an oder lassen Sie das Feld leer, um die Absenderadresse zu verwenden."
"Email Template","E-Mail-Vorlage"
"Deletion Notifications","Löschbenachrichtigungen"
"Manager Notification","Manager-Benachrichtigung"
"Notify Manager on Deletion Request","Benachrichtigen Sie den Manager über die Löschanfrage"
"Send Email To","Schicke eine Email an"
"This will be used in the ""To"" field. Several emails should be written on a separate line.","Diese wird im Feld „An“ verwendet. Mehrere E-Mails sollten in eine separate Zeile geschrieben werden."
"Customer’s Approval Notification","Genehmigungsbenachrichtigung des Kunden"
"Customer’s Deny Notification","Ablehnungsbenachrichtigung des Kunden"
"Privacy Policy Changes Notifications","Benachrichtigungen über Änderungen der Datenschutzrichtlinie"
"Default Magento Forms","Standard-Magento-Formulare"
"Amasty Extension Forms","Amasty-Erweiterungs-Formulare"
"Are you sure?","Sind Sie sicher?"
"Customer ID","Kunden-ID"
"Customer Name","Kundenname"
"IP Address","IP-Adresse"
Date,Datum
Action,Aktion
Comment,Kommentar
"Checkbox Location","Kontrollkästchen Ort"
"Remote IP Address","Remote-IP-Adresse"
"Checkbox Code","Kästchencode"
"Policy Version","Richtlinienversion"
Website,Website
"Resend","Erneut senden"
"Customer Email","Kunden-E-Mail"
Status,Status
"Edit Checkbox","Kontrollkästchen bearbeiten"
Back,Zurück
"Save Checkbox","Kontrollkästchen Speichern"
"Checkbox Name","Name des Kontrollkästchens"
"Confirmation Required","Bestätigung erforderlich"
"If enabled, a customer will have to give the consent to submit an action.","Wenn aktiviert, muss ein Kunde seine Zustimmung geben, um eine Aktion zu übermitteln."
"Hide the Checkbox after User Gave the Consent","Blenden Sie das Kontrollkästchen aus, nachdem der Benutzer die Zustimmung gegeben hat"
"According to the rules of the GDPR, we recommend you leave this setting enabled.","Gemäß den DSGVO-Anforderungen, empfehlen wir diese Einstellung aktiviert lassen."
"If enabled, the system will always log consents to the checkbox. Moreover, the checkbox will be also added to customer account under the section 'Given Consent' to opt in or opt out from consent.","Wenn aktiviert, protokolliert das System immer die Zustimmung zum Kästchen. Darüber hinaus wird das Kästchen auch dem Kundenkonto unter dem Punkt 'Zustimmung erteilt' hinzugefügt, um sich zu entscheiden, ob die Zustimmung abzulehnen."
"Log the Consent","Protokollieren Sie die Zustimmung"
"If enabled, customer’s consent will be saved in the ‘Consent Log’ grid.","Wenn aktiviert, wird die Zustimmung des Kunden im Raster „Zustimmungsprotokoll“ gespeichert."
"Checkbox Position","Position des Kontrollkästchens"
"The feature helps to set the order of several checkboxes in case they are displayed in one place. 0 is the highest priority.","Die Funktion hilft, die Reihenfolge mehrerer Kontrollkästchen festzulegen, falls sie an einer Stelle angezeigt werden. 0 ist die höchste Priorität."
"Checkbox Text","Kontrollkästchen-Text"
"You can use the <a> tag in the text and also the {link} variable to insert the privacy policy link into the checkbox text. Example: I have read and accept the <a href=""{link}"">privacy policy</a>","Sie können das Tag <a> im Text und auch die Variable {link} verwenden, um den Link zur Datenschutzrichtlinie in den Text der Checkbox einzufügen. Beispiel: Ich habe die <a href=""{link}"">Datenschutzerklärung</a> gelesen und akzeptiert."
"Consent Link Type","Art des Zustimmungslinks"
"Countries Restrictment","Länderbeschränkung"
"Display for Specific Countries","Anzeige für bestimmte Länder"
"New Checkbox","Neues Kontrollkästchen"
"Delete checkboxes","Kontrollkästchen löschen"
"Are you sure you want to delete selected checkboxes?","Möchten Sie die ausgewählten Kontrollkästchen wirklich löschen?"
ID,ID
Name,Name
Enable,Aktivieren
"Is Required","Ist erforderlich"
"Log The Consent","Protokollieren Sie die Zustimmung"
"In this way, the company will be able to save all consents received, maintain a register of them and process user requests when they withdraw their consent.","In solcher Weise, kann ein Unternehmen erhaltende Zustimmungen sparen, ihre Datensätze erhalten und die Anfragen von Benutzer bearbeiten, wenn sie ihre Zustimmung zurückziehen."
Edit,Bearbeiten
Version,Version
Policy,Richtlinie
"Add New Policy","Neue Richtlinie hinzufügen"
"Delete policies","Richtlinien löschen"
"Are you sure you want to delete selected policies?","Möchten Sie die ausgewählten Richtlinien wirklich löschen??"
Id,Id
"Date Created","Erstellungsdatum"
"Version Number","Versionsnummer"
"Last Edited","Zuletzt bearbeitet"
"Last Edited By","Zuletzt bearbeitet von"
"Approve Delete Request(s)","Löschanforderung(en) genehmigen"
"Are you sure you want to approve selected requests?","Möchten Sie die ausgewählten Anfragen wirklich genehmigen?"
"Deny Delete Request(s)","Löschanforderung(en) ablehnen"
"Date Submitted","Datum eingereicht"
"Initiator of Deletion","Urheber der Löschung"
"Completed Orders Qty","Abgeschlossene Aufträge Anzahl"
"Pending Orders Qty","Ausstehende Bestellungen Anzahl"
"If enabled, a customer's personal data won't be allowed for anonymization or deletion by a customer or admin if the customer has an active gift registry.","Wenn aktiviert, werden persönlichen Daten sich vom Kunden oder Administrator nicht gelöscht lassen, wenn der Kunde eine aktive Geschenkliste hat."
