500,1179,TH,Phra Nakhon,พระนคร
501,1179,TH,Dusit,ดุสิต
502,1179,TH,Nong Chok,หนองจอก
503,1179,TH,Bang Rak,บางรัก
504,1179,TH,Bang Khen,บางเขน
505,1179,TH,Bang Kapi,บางกะปิ
506,1179,TH,Pathum Wan,ปทุมวัน
507,1179,TH,Pom Prap Sattruphai,ป้อมปราบศัตรูพ่าย
508,1179,TH,Phra Khanong,พระโขนง
509,1179,TH,Min Buri,มีนบุรี
510,1179,TH,Lat Krabang,ลาดกระบัง
511,1179,TH,Yannawa,ยานนาวา
512,1179,TH,Samphanthawong,สัมพันธวงศ์
513,1179,TH,Phaya Thai,พญาไท
514,1179,TH,Thon Buri,ธนบุรี
515,1179,TH,Bangkok Yai,บางกอกใหญ่
516,1179,TH,Huai Khwang,ห้วยขวาง
517,1179,TH,Khlong San,คลองสาน
518,1179,TH,Taling Chan,ตลิ่งชัน
519,1179,TH,Bangkok Noi,บางกอกน้อย
520,1179,TH,Bang Khun Thian,บางขุนเทียน
521,1179,TH,Phasi Charoen,ภาษีเจริญ
522,1179,TH,Nong Khaem,หนองแขม
523,1179,TH,Rat Burana,ราษฎร์บูรณะ
524,1179,TH,Bang Phlat,บางพลัด
525,1179,TH,Din Daeng,ดินแดง
526,1179,TH,Bung Kum,บึงกุ่ม
527,1179,TH,Sa Thon,สาทร
528,1179,TH,Bang Su,บางซื่อ
529,1179,TH,Chatuchak,จตุจักร
530,1179,TH,Bang Kho Laem,บางคอแหลม
531,1179,TH,Prawet,ประเวศ
532,1179,TH,Khlong Toei,คลองเตย
533,1179,TH,Suan Luang,สวนหลวง
534,1179,TH,Chom Thong,จอมทอง
535,1179,TH,Don Mueang,ดอนเมือง
536,1179,TH,Rat Thewi,ราชเทวี
537,1179,TH,Lat Phrao,ลาดพร้าว
538,1179,TH,Watthana,วัฒนา
539,1179,TH,Bang Khae,บางแค
540,1179,TH,Lak Si,หลักสี่
541,1179,TH,Sai Mai,สายไหม
542,1179,TH,Khanna Yao,คันนายาว
543,1179,TH,Saphan Sung,สะพานสูง
544,1179,TH,Wang Thong Lang,วังทองหลาง
545,1179,TH,Khlong Sam Wa,คลองสามวา
546,1179,TH,Bang Na,บางนา
547,1179,TH,Thawi Watthana,ทวีวัฒนา
548,1179,TH,Thung Khu,ทุ่งครุ
549,1179,TH,Bang Bon,บางบอน
550,1182,TH,Mueang Samut Prakan,เมืองสมุทรปราการ
551,1182,TH,Bang Bo,บางบ่อ
552,1182,TH,Bang Phli,บางพลี
553,1182,TH,Phra Pradaeng,พระประแดง
554,1182,TH,Phra Samut Chedi,พระสมุทรเจดีย์
555,1182,TH,Bang Sao Thong,บางเสาธง
556,1180,TH,Mueang Nonthaburi,เมืองนนทบุรี
557,1180,TH,Bang Kruai,บางกรวย
558,1180,TH,Bang Yai,บางใหญ่
559,1180,TH,Bang Bua Thong,บางบัวทอง
560,1180,TH,Sai Noi,ไทรน้อย
561,1180,TH,Pak Kret,ปากเกร็ด
562,1181,TH,Mueang Pathum Thani,เมืองปทุมธานี
563,1181,TH,Khlong Luang,คลองหลวง
564,1181,TH,Thanyaburi,ธัญบุรี
565,1181,TH,Nong Suea,หนองเสือ
566,1181,TH,Lat Lum Kaeo,ลาดหลุมแก้ว
567,1181,TH,Lam Luk Ka,ลำลูกกา
568,1181,TH,Sam Khok,สามโคก
569,1206,TH,Phra Nakhon Si Ayutthaya,พระนครศรีอยุธยา
570,1206,TH,Tha Ruea,ท่าเรือ
571,1206,TH,Nakhon Luang,นครหลวง
572,1206,TH,Bang Sai,บางไทร
573,1206,TH,Bang Ban,บางบาล
574,1206,TH,Bang Pa-In,บางปะอิน
575,1206,TH,Bang Pahan,บางปะหัน
576,1206,TH,Phak Hai,ผักไห่
577,1206,TH,Phachi,ภาชี
578,1206,TH,Lat Bua Luang,ลาดบัวหลวง
579,1206,TH,Wang Noi,วังน้อย
580,1206,TH,Sena,เสนา
581,1206,TH,Bang Sai,บางซ้าย
582,1206,TH,Uthai,อุทัย
583,1206,TH,Maha Rat,มหาราช
584,1206,TH,Ban Phraek,บ้านแพรก
585,1215,TH,Mueang Ang Thong,เมืองอ่างทอง
586,1215,TH,Chaiyo,ไชโย
587,1215,TH,Pa Mok,ป่าโมก
588,1215,TH,Pho Thong,โพธิ์ทอง
589,1215,TH,Sawaeng Ha,แสวงหา
590,1215,TH,Wiset Chai Chan,วิเศษชัยชาญ
591,1215,TH,Samko,สามโก้
592,1209,TH,Mueang Lop Buri,เมืองลพบุรี
593,1209,TH,Phatthana Nikhom,พัฒนานิคม
594,1209,TH,Khok Samrong,โคกสำโรง
595,1209,TH,Chai Badan,ชัยบาดาล
596,1209,TH,Tha Wung,ท่าวุ้ง
597,1209,TH,Ban Mi,บ้านหมี่
598,1209,TH,Tha Luang,ท่าหลวง
599,1209,TH,Sa Bot,สระโบสถ์
600,1209,TH,Khok Charoen,โคกเจริญ
601,1209,TH,Lam Sonthi,ลำสนธิ
602,1209,TH,Nong Muang,หนองม่วง
603,1213,TH,Mueang Sing Buri,เมืองสิงห์บุรี
604,1213,TH,Bang Rachan,บางระจัน
605,1213,TH,Khai Bang Rachan,ค่ายบางระจัน
606,1213,TH,Phrom Buri,พรหมบุรี
607,1213,TH,Tha Chang,ท่าช้าง
608,1213,TH,In Buri,อินทร์บุรี
609,1203,TH,Mueang Chai Nat,เมืองชัยนาท
610,1203,TH,Manorom,มโนรมย์
611,1203,TH,Wat Sing,วัดสิงห์
612,1203,TH,Sapphaya,สรรพยา
613,1203,TH,Sankhaburi,สรรคบุรี
614,1203,TH,Hankha,หันคา
615,1203,TH,Nong Mamong,หนองมะโมง
616,1203,TH,Noen Kham,เนินขาม
617,1212,TH,Mueang Saraburi,เมืองสระบุรี
618,1212,TH,Kaeng Khoi,แก่งคอย
619,1212,TH,Nong Khae,หนองแค
620,1212,TH,Wihan Daeng,วิหารแดง
621,1212,TH,Nong Saeng,หนองแซง
622,1212,TH,Ban Mo,บ้านหมอ
623,1212,TH,Don Phut,ดอนพุด
624,1212,TH,Nong Don,หนองโดน
625,1212,TH,Phra Phutthabat,พระพุทธบาท
626,1212,TH,Sao Hai,เสาไห้
627,1212,TH,Muak Lek,มวกเหล็ก
628,1212,TH,Wang Muang,วังม่วง
629,1212,TH,Chaloem Phra Kiet,เฉลิมพระเกียรติ
630,1218,TH,Mueang Chon Buri,เมืองชลบุรี
631,1218,TH,Ban Bueng,บ้านบึง
632,1218,TH,Nong Yai,หนองใหญ่
633,1218,TH,Bang Lamung,บางละมุง
634,1218,TH,Phan Thong,พานทอง
635,1218,TH,Phanat Nikhom,พนัสนิคม
636,1218,TH,Si Racha,ศรีราชา
637,1218,TH,Ko Sichang,เกาะสีชัง
638,1218,TH,Sattahip,สัตหีบ
639,1218,TH,Bo Thong,บ่อทอง
640,1218,TH,Ko Chan,เกาะจันทร์
641,1222,TH,Mueang Rayong,เมืองระยอง
642,1222,TH,Ban Chang,บ้านฉาง
643,1222,TH,Klaeng,แกลง
644,1222,TH,Wang Chan,วังจันทร์
645,1222,TH,Ban Khai,บ้านค่าย
646,1222,TH,Pluak Daeng,ปลวกแดง
647,1222,TH,Khao Chamao,เขาชะเมา
648,1222,TH,Nikhom Phatthana,นิคมพัฒนา
649,1216,TH,Mueang Chanthaburi,เมืองจันทบุรี
650,1216,TH,Khlung,ขลุง
651,1216,TH,Tha Mai,ท่าใหม่
652,1216,TH,Pong Nam Ron,โป่งน้ำร้อน
653,1216,TH,Makham,มะขาม
654,1216,TH,Laem Sing,แหลมสิงห์
655,1216,TH,Soi Dao,สอยดาว
656,1216,TH,Kaeng Hang Maeo,แก่งหางแมว
657,1216,TH,Na Yai Am,นายายอาม
658,1216,TH,Khao Khitchakut,เขาคิชฌกูฏ
659,1219,TH,Mueang Trat,เมืองตราด
660,1219,TH,Khlong Yai,คลองใหญ่
661,1219,TH,Khao Saming,เขาสมิง
662,1219,TH,Bo Rai,บ่อไร่
663,1219,TH,Laem Ngop,แหลมงอบ
664,1219,TH,Ko Kut,เกาะกูด
665,1219,TH,Ko Chang,เกาะช้าง
666,1217,TH,Mueang Chachoengsao,เมืองฉะเชิงเทรา
667,1217,TH,Bang Khla,บางคล้า
668,1217,TH,Bang Nam Priao,บางน้ำเปรี้ยว
669,1217,TH,Bang Pakong,บางปะกง
670,1217,TH,Ban Pho,บ้านโพธิ์
671,1217,TH,Phanom Sarakham,พนมสารคาม
672,1217,TH,Ratchasan,ราชสาส์น
673,1217,TH,Sanam Chai Khet,สนามชัยเขต
674,1217,TH,Pleang Yao,แปลงยาว
675,1217,TH,Tha Takiap,ท่าตะเกียบ
676,1217,TH,Khlong Khuean,คลองเขื่อน
677,1221,TH,Mueang Prachin Buri,เมืองปราจีนบุรี
678,1221,TH,Kabin Buri,กบินทร์บุรี
679,1221,TH,Na Di,นาดี
680,1221,TH,Ban Sang,บ้านสร้าง
681,1221,TH,Prachantakham,ประจันตคาม
682,1221,TH,Si Maha Phot,ศรีมหาโพธิ
683,1221,TH,Si Mahosot,ศรีมโหสถ
684,1220,TH,Mueang Nakhon Nayok,เมืองนครนายก
685,1220,TH,Pak Phli,ปากพลี
686,1220,TH,Ban Na,บ้านนา
687,1220,TH,Ongkharak,องครักษ์
688,1223,TH,Mueang Sa Kaeo,เมืองสระแก้ว
689,1223,TH,Khlong Hat,คลองหาด
690,1223,TH,Ta Phraya,ตาพระยา
691,1223,TH,Wang Nam Yen,วังน้ำเย็น
692,1223,TH,Watthana Nakhon,วัฒนานคร
693,1223,TH,Aranyaprathet,อรัญประเทศ
694,1223,TH,Khao Chakan,เขาฉกรรจ์
695,1223,TH,Khok Sung,โคกสูง
696,1223,TH,Wang Sombun,วังสมบูรณ์
697,1187,TH,Mueang Nakhon Ratchasima,เมืองนครราชสีมา
698,1187,TH,Khon Buri,ครบุรี
699,1187,TH,Soeng Sang,เสิงสาง
700,1187,TH,Khong,คง
701,1187,TH,Ban Lueam,บ้านเหลื่อม
702,1187,TH,Chakkarat,จักราช
703,1187,TH,Chok Chai,โชคชัย
704,1187,TH,Dan Khun Thot,ด่านขุนทด
705,1187,TH,Non Thai,โนนไทย
706,1187,TH,Non Sung,โนนสูง
707,1187,TH,Kham Sakaesaeng,ขามสะแกแสง
708,1187,TH,Bua Yai,บัวใหญ่
709,1187,TH,Prathai,ประทาย
710,1187,TH,Pak Thong Chai,ปักธงชัย
711,1187,TH,Phimai,พิมาย
712,1187,TH,Huai Thalaeng,ห้วยแถลง
713,1187,TH,Chum Phuang,ชุมพวง
714,1187,TH,Sung Noen,สูงเนิน
715,1187,TH,Kham Thale So,ขามทะเลสอ
716,1187,TH,Si Khio,สีคิ้ว
717,1187,TH,Pak Chong,ปากช่อง
718,1187,TH,Nong Bunmak,หนองบุญมาก
719,1187,TH,Kaeng Sanam Nang,แก้งสนามนาง
720,1187,TH,Non Daeng,โนนแดง
721,1187,TH,Wang Nam Khiao,วังน้ำเขียว
722,1187,TH,Thepharak,เทพารักษ์
723,1187,TH,Mueang Yang,เมืองยาง
724,1187,TH,Phra Thong Kham,พระทองคำ
725,1187,TH,Lamtaman Chai,ลำทะเมนชัย
726,1187,TH,Bua Lai,บัวลาย
727,1187,TH,Sida,สีดา
728,1187,TH,Chaloem Phra Kiet,เฉลิมพระเกียรติ
729,1188,TH,Mueang Buri Ram,เมืองบุรีรัมย์
730,1188,TH,Khu Mueang,คูเมือง
731,1188,TH,Krasang,กระสัง
732,1188,TH,Nang Rong,นางรอง
733,1188,TH,Nong Ki,หนองกี่
734,1188,TH,Lahan Sai,ละหานทราย
735,1188,TH,Prakhon Chai,ประโคนชัย
736,1188,TH,Ban Kruat,บ้านกรวด
737,1188,TH,Phutthaisong,พุทไธสง
738,1188,TH,Lam Plai Mat,ลำปลายมาศ
739,1188,TH,Satuek,สตึก
740,1188,TH,Pakham,ปะคำ
741,1188,TH,Na Pho,นาโพธิ์
742,1188,TH,Nong Hong,หนองหงส์
743,1188,TH,Phlapphla Chai,พลับพลาชัย
744,1188,TH,Huai Rat,ห้วยราช
745,1188,TH,Non Suwan,โนนสุวรรณ
746,1188,TH,Chamni,ชำนิ
747,1188,TH,Ban Mai Chaiyaphot,บ้านใหม่ไชยพจน์
748,1188,TH,Non Din Daeng,โนนดินแดง
749,1188,TH,Ban Dan,บ้านด่าน
750,1188,TH,Khaen Dong,แคนดง
751,1188,TH,Chaloem Phra Kiet,เฉลิมพระเกียรติ
752,1196,TH,Mueang Surin,เมืองสุรินทร์
753,1196,TH,Chumphon Buri,ชุมพลบุรี
754,1196,TH,Tha Tum,ท่าตูม
755,1196,TH,Chom Phra,จอมพระ
756,1196,TH,Prasat,ปราสาท
757,1196,TH,Kap Choeng,กาบเชิง
758,1196,TH,Rattanaburi,รัตนบุรี
759,1196,TH,Sanom,สนม
760,1196,TH,Sikhoraphum,ศีขรภูมิ
761,1196,TH,Sangkha,สังขะ
762,1196,TH,Lamduan,ลำดวน
763,1196,TH,Samrong Thap,สำโรงทาบ
764,1196,TH,Buachet,บัวเชด
765,1196,TH,Phanom Dong Rak,พนมดงรัก
766,1196,TH,Si Narong,ศรีณรงค์
767,1196,TH,Khwao Sinarin,เขวาสินรินทร์
768,1196,TH,Non Narai,โนนนารายณ์
769,1194,TH,Mueang Si Sa Ket,เมืองศรีสะเกษ
770,1194,TH,Yang Chum Noi,ยางชุมน้อย
771,1194,TH,Kanthararom,กันทรารมย์
772,1194,TH,Kantharalak,กันทรลักษ์
773,1194,TH,Khukhan,ขุขันธ์
774,1194,TH,Phrai Bueng,ไพรบึง
775,1194,TH,Prang Ku,ปรางค์กู่
776,1194,TH,Khun Han,ขุนหาญ
777,1194,TH,Rasi Salai,ราษีไศล
778,1194,TH,Uthumphon Phisai,อุทุมพรพิสัย
779,1194,TH,Bueng Bun,บึงบูรพ์
780,1194,TH,Huai Thap Than,ห้วยทับทัน
781,1194,TH,Non Khun,โนนคูณ
782,1194,TH,Si Rattana,ศรีรัตนะ
783,1194,TH,Nam Kliang,น้ำเกลี้ยง
784,1194,TH,Wang Hin,วังหิน
785,1194,TH,Phu Sing,ภูสิงห์
786,1194,TH,Mueang Chan,เมืองจันทร์
787,1194,TH,Benchalak,เบญจลักษ์
788,1194,TH,Phayu,พยุห์
789,1194,TH,Pho Si Suwan,โพธิ์ศรีสุวรรณ
790,1194,TH,Sila Lat,ศิลาลาด
791,1201,TH,Mueang Ubon Ratchathani,เมืองอุบลราชธานี
792,1201,TH,Si Mueang Mai,ศรีเมืองใหม่
793,1201,TH,Khong Chiam,โขงเจียม
794,1201,TH,Khueang Nai,เขื่องใน
795,1201,TH,Khemarat,เขมราฐ
796,1201,TH,Det Udom,เดชอุดม
797,1201,TH,Na Chaluai,นาจะหลวย
798,1201,TH,Nam Yuen,น้ำยืน
799,1201,TH,Boontharik,บุณฑริก
800,1201,TH,Trakan Phuet Phon,ตระการพืชผล
801,1201,TH,Kut Khaopun,กุดข้าวปุ้น
802,1201,TH,Muang Sam Sip,ม่วงสามสิบ
803,1201,TH,Warin Chamrap,วารินชำราบ
804,1201,TH,Phibun Mangsahan,พิบูลมังสาหาร
805,1201,TH,Tan Sum,ตาลสุม
806,1201,TH,Pho Sai,โพธิ์ไทร
807,1201,TH,Samrong,สำโรง
808,1201,TH,Don Mot Daeng,ดอนมดแดง
809,1201,TH,Sirindhorn,สิรินธร
810,1201,TH,Thung Si Udom,ทุ่งศรีอุดม
811,1201,TH,Na Yia,นาเยีย
812,1201,TH,Na Tan,นาตาล
813,1201,TH,Lao Suea Kok,เหล่าเสือโก้ก
814,1201,TH,Sawang Wirawong,สว่างวีระวงศ์
815,1201,TH,Nam Khun,น้ำขุ่น
816,1191,TH,Mueang Yasothon,เมืองยโสธร
817,1191,TH,Sai Mun,ทรายมูล
818,1191,TH,Kut Chum,กุดชุม
819,1191,TH,Kham Khuean Kaeo,คำเขื่อนแก้ว
820,1191,TH,Pa Tio,ป่าติ้ว
821,1191,TH,Maha Chana Chai,มหาชนะชัย
822,1191,TH,Kho Wang,ค้อวัง
823,1191,TH,Loeng Nok Tha,เลิงนกทา
824,1191,TH,Thai Charoen,ไทยเจริญ
825,1185,TH,Mueang Chaiyaphum,เมืองชัยภูมิ
826,1185,TH,Ban Khwao,บ้านเขว้า
827,1185,TH,Khon Sawan,คอนสวรรค์
828,1185,TH,Kaset Sombun,เกษตรสมบูรณ์
829,1185,TH,Nong Bua Daeng,หนองบัวแดง
830,1185,TH,Chatturat,จัตุรัส
831,1185,TH,Bamnet Narong,บำเหน็จณรงค์
832,1185,TH,Nong Bua Rawe,หนองบัวระเหว
833,1185,TH,Thep Sathit,เทพสถิต
834,1185,TH,Phu Khiao,ภูเขียว
835,1185,TH,Ban Thaen,บ้านแท่น
836,1185,TH,Kaeng Khro,แก้งคร้อ
837,1185,TH,Khon San,คอนสาร
838,1185,TH,Phakdi Chumphon,ภักดีชุมพล
839,1185,TH,Noen Sa-Nga,เนินสง่า
840,1185,TH,Sap Yai,ซับใหญ่
841,1199,TH,Mueang Amnat Charoen,เมืองอำนาจเจริญ
842,1199,TH,Chanuman,ชานุมาน
843,1199,TH,Pathum Ratchawongsa,ปทุมราชวงศา
844,1199,TH,Phana,พนา
845,1199,TH,Senangkhanikhom,เสนางคนิคม
846,1199,TH,Hua Taphan,หัวตะพาน
847,1199,TH,Lue Amnat,ลืออำนาจ
848,1255,TH,Bueng Kan,เมืองบึงกาฬ
849,1255,TH,Phon Charoen,พรเจริญ
850,1255,TH,So Phisai,โซ่พิสัย
851,1255,TH,Seka,เซกา
852,1255,TH,Pak Khat,ปากคาด
853,1255,TH,Bueng Khong Long,บึงโขงหลง
854,1255,TH,Si Wilai,ศรีวิไล
855,1255,TH,Bung Khla,บุ่งคล้า
856,1198,TH,Mueang Nong Bua Lam Phu,เมืองหนองบัวลำภู
857,1198,TH,Na Klang,นากลาง
858,1198,TH,Non Sang,โนนสัง
859,1198,TH,Si Bun Rueang,ศรีบุญเรือง
860,1198,TH,Suwannakhuha,สุวรรณคูหา
861,1198,TH,Na Wang,นาวัง
862,1184,TH,Mueang Khon Kaen,เมืองขอนแก่น
863,1184,TH,Ban Fang,บ้านฝาง
864,1184,TH,Phra Yuen,พระยืน
865,1184,TH,Nong Ruea,หนองเรือ
866,1184,TH,Chum Phae,ชุมแพ
867,1184,TH,Si Chomphu,สีชมพู
868,1184,TH,Nam Phong,น้ำพอง
869,1184,TH,Ubolratana,อุบลรัตน์
870,1184,TH,Kranuan,กระนวน
871,1184,TH,Ban Phai,บ้านไผ่
872,1184,TH,Pueai Noi,เปือยน้อย
873,1184,TH,Phon,พล
874,1184,TH,Waeng Yai,แวงใหญ่
875,1184,TH,Waeng Noi,แวงน้อย
876,1184,TH,Nong Song Hong,หนองสองห้อง
877,1184,TH,Phu Wiang,ภูเวียง
878,1184,TH,Mancha Khiri,มัญจาคีรี
879,1184,TH,Chonnabot,ชนบท
880,1184,TH,Khao Suan Kwang,เขาสวนกวาง
881,1184,TH,Phu Phaman,ภูผาม่าน
882,1184,TH,Sam Sung,ซำสูง
883,1184,TH,Khok Pho Chai,โคกโพธิ์ไชย
884,1184,TH,Nong Na Kham,หนองนาคำ
885,1184,TH,Ban Haet,บ้านแฮด
886,1184,TH,Non Sila,โนนศิลา
887,1184,TH,Wiang Kao,เวียงเก่า
888,1200,TH,Mueang Udon Thani,เมืองอุดรธานี
889,1200,TH,Kut Chap,กุดจับ
890,1200,TH,Nong Wua So,หนองวัวซอ
891,1200,TH,Kumphawapi,กุมภวาปี
892,1200,TH,Non Sa-At,โนนสะอาด
893,1200,TH,Nong Han,หนองหาน
894,1200,TH,Thung Fon,ทุ่งฝน
895,1200,TH,Chai Wan,ไชยวาน
896,1200,TH,Si That,ศรีธาตุ
897,1200,TH,Wang Sam Mo,วังสามหมอ
898,1200,TH,Ban Dung,บ้านดุง
899,1200,TH,Ban Phue,บ้านผือ
900,1200,TH,Nam Som,น้ำโสม
901,1200,TH,Phen,เพ็ญ
902,1200,TH,Sang Khom,สร้างคอม
903,1200,TH,Nong Saeng,หนองแสง
904,1200,TH,Na Yung,นายูง
905,1200,TH,Phibun Rak,พิบูลย์รักษ์
906,1200,TH,Ku Kaeo,กู่แก้ว
907,1200,TH,Prachaksinlapakhom,ประจักษ์ศิลปาคม
908,1193,TH,Mueang Loei,เมืองเลย
909,1193,TH,Na Duang,นาด้วง
910,1193,TH,Chiang Khan,เชียงคาน
911,1193,TH,Pak Chom,ปากชม
912,1193,TH,Dan Sai,ด่านซ้าย
913,1193,TH,Na Haeo,นาแห้ว
914,1193,TH,Phu Ruea,ภูเรือ
915,1193,TH,Tha Li,ท่าลี่
916,1193,TH,Wang Saphung,วังสะพุง
917,1193,TH,Phu Kradueng,ภูกระดึง
918,1193,TH,Phu Luang,ภูหลวง
919,1193,TH,Pha Khao,ผาขาว
920,1193,TH,Erawan,เอราวัณ
921,1193,TH,Nong Hin,หนองหิน
922,1197,TH,Mueang Nong Khai,เมืองหนองคาย
923,1197,TH,Tha Bo,ท่าบ่อ
924,1197,TH,Phon Phisai,โพนพิสัย
925,1197,TH,Si Chiang Mai,ศรีเชียงใหม่
926,1197,TH,Sangkhom,สังคม
927,1197,TH,Sakhrai,สระใคร
928,1197,TH,Fao Rai,เฝ้าไร่
929,1197,TH,Rattanawapi,รัตนวาปี
930,1197,TH,Pho Tak,โพธิ์ตาก
931,1189,TH,Mueang Maha Sarakham,เมืองมหาสารคาม
932,1189,TH,Kae Dam,แกดำ
933,1189,TH,Kosum Phisai,โกสุมพิสัย
934,1189,TH,Kantharawichai,กันทรวิชัย
935,1189,TH,Chiang Yuen,เชียงยืน
936,1189,TH,Borabue,บรบือ
937,1189,TH,Na Chueak,นาเชือก
938,1189,TH,Phayakkhaphum Phisai,พยัคฆภูมิพิสัย
939,1189,TH,Wapi Pathum,วาปีปทุม
940,1189,TH,Na Dun,นาดูน
941,1189,TH,Yang Sisurat,ยางสีสุราช
942,1189,TH,Kut Rang,กุดรัง
943,1189,TH,Chuen Chom,ชื่นชม
944,1192,TH,Mueang Roi Et,เมืองร้อยเอ็ด
945,1192,TH,Kaset Wisai,เกษตรวิสัย
946,1192,TH,Pathum Rat,ปทุมรัตต์
947,1192,TH,Chaturaphak Phiman,จตุรพักตรพิมาน
948,1192,TH,Thawat Buri,ธวัชบุรี
949,1192,TH,Phanom Phrai,พนมไพร
950,1192,TH,Phon Thong,โพนทอง
951,1192,TH,Pho Chai,โพธิ์ชัย
952,1192,TH,Nong Phok,หนองพอก
953,1192,TH,Selaphum,เสลภูมิ
954,1192,TH,Suwannaphum,สุวรรณภูมิ
955,1192,TH,Mueang Suang,เมืองสรวง
956,1192,TH,Phon Sai,โพนทราย
957,1192,TH,At Samat,อาจสามารถ
958,1192,TH,Moei Wadi,เมยวดี
959,1192,TH,Si Somdet,ศรีสมเด็จ
960,1192,TH,Changhan,จังหาร
961,1192,TH,Chiang Khwan,เชียงขวัญ
962,1192,TH,Nong Hi,หนองฮี
963,1192,TH,Thung Khao Luang,ทุ่งเขาหลวง
964,1183,TH,Mueang Kalasin,เมืองกาฬสินธุ์
965,1183,TH,Na Mon,นามน
966,1183,TH,Kamalasai,กมลาไสย
967,1183,TH,Rong Kham,ร่องคำ
968,1183,TH,Kuchinarai,กุฉินารายณ์
969,1183,TH,Khao Wong,เขาวง
970,1183,TH,Yang Talat,ยางตลาด
971,1183,TH,Huai Mek,ห้วยเม็ก
972,1183,TH,Sahatsakhan,สหัสขันธ์
973,1183,TH,Kham Muang,คำม่วง
974,1183,TH,Tha Khantho,ท่าคันโท
975,1183,TH,Nong Kung Si,หนองกุงศรี
976,1183,TH,Somdet,สมเด็จ
977,1183,TH,Huai Phueng,ห้วยผึ้ง
978,1183,TH,Sam Chai,สามชัย
979,1183,TH,Na Khu,นาคู
980,1183,TH,Don Chan,ดอนจาน
981,1183,TH,Khong Chai,ฆ้องชัย
982,1195,TH,Mueang Sakon Nakhon,เมืองสกลนคร
983,1195,TH,Kusuman,กุสุมาลย์
984,1195,TH,Kut Bak,กุดบาก
985,1195,TH,Phanna Nikhom,พรรณานิคม
986,1195,TH,Phanh Khon,พังโคน
987,1195,TH,Waritchaphum,วาริชภูมิ
988,1195,TH,Nikhom Nam Un,นิคมน้ำอูน
989,1195,TH,Wanon Niwat,วานรนิวาส
990,1195,TH,Kham Ta Kla,คำตากล้า
991,1195,TH,Ban Muang,บ้านม่วง
992,1195,TH,Akat Amnuai,อากาศอำนวย
993,1195,TH,Sawang Daen Din,สว่างแดนดิน
994,1195,TH,Song Dao,ส่องดาว
995,1195,TH,Tao Ngoi,เต่างอย
996,1195,TH,Khok Si Suphan,โคกศรีสุพรรณ
997,1195,TH,Charoen Sin,เจริญศิลป์
998,1195,TH,Phon Na Kaeo,โพนนาแก้ว
999,1195,TH,Phu Phan,ภูพาน
1000,1186,TH,Mueang Nakhon Phanom,เมืองนครพนม
1001,1186,TH,Pla Pak,ปลาปาก
1002,1186,TH,Tha Uthen,ท่าอุเทน
1003,1186,TH,Ban Phaeng,บ้านแพง
1004,1186,TH,That Phanom,ธาตุพนม
1005,1186,TH,Renu Nakhon,เรณูนคร
1006,1186,TH,Na Kae,นาแก
1007,1186,TH,Si Songkhram,ศรีสงคราม
1008,1186,TH,Na Wa,นาหว้า
1009,1186,TH,Phon Sawan,โพนสวรรค์
1010,1186,TH,Na Thom,นาทม
1011,1186,TH,Wang Yang,วังยาง
1012,1190,TH,Mueang Mukdahan,เมืองมุกดาหาร
1013,1190,TH,Nikhom Kham Soi,นิคมคำสร้อย
1014,1190,TH,Don Tan,ดอนตาล
1015,1190,TH,Dong Luang,ดงหลวง
1016,1190,TH,Khamcha-I,คำชะอี
1017,1190,TH,Wan Yai,หว้านใหญ่
1018,1190,TH,Nong Sung,หนองสูง
1019,1240,TH,Mueang Chiang Mai,เมืองเชียงใหม่
1020,1240,TH,Chom Thong,จอมทอง
1021,1240,TH,Mae Chaem,แม่แจ่ม
1022,1240,TH,Chiang Dao,เชียงดาว
1023,1240,TH,Doi Saket,ดอยสะเก็ด
1024,1240,TH,Mae Taeng,แม่แตง
1025,1240,TH,Mae Rim,แม่ริม
1026,1240,TH,Samoeng,สะเมิง
1027,1240,TH,Fang,ฝาง
1028,1240,TH,Mae Ai,แม่อาย
1029,1240,TH,Phrao,พร้าว
1030,1240,TH,San Pa Tong,สันป่าตอง
1031,1240,TH,San Kamphaeng,สันกำแพง
1032,1240,TH,San Sai,สันทราย
1033,1240,TH,Hang Dong,หางดง
1034,1240,TH,Hot,ฮอด
1035,1240,TH,Doi Tao,ดอยเต่า
1036,1240,TH,Omkoi,อมก๋อย
1037,1240,TH,Saraphi,สารภี
1038,1240,TH,Wiang Haeng,เวียงแหง
1039,1240,TH,Chai Prakan,ไชยปราการ
1040,1240,TH,Mae Wang,แม่วาง
1041,1240,TH,Mae On,แม่ออน
1042,1240,TH,Doi Lo,ดอยหล่อ
1043,1240,TH,Kanlayaniwatthana,กัลยาณิวัฒนา
1044,1251,TH,Mueang Lamphun,เมืองลำพูน
1045,1251,TH,Mae Tha,แม่ทา
1046,1251,TH,Ban Hong,บ้านโฮ่ง
1047,1251,TH,Li,ลี้
1048,1251,TH,Thung Hua Chang,ทุ่งหัวช้าง
1049,1251,TH,Pa Sang,ป่าซาง
1050,1251,TH,Ban Thi,บ้านธิ
1051,1251,TH,Wiang Nong Long,เวียงหนองล่อง
1052,1250,TH,Mueang Lampang,เมืองลำปาง
1053,1250,TH,Mae Mo,แม่เมาะ
1054,1250,TH,Ko Kha,เกาะคา
1055,1250,TH,Soem Ngam,เสริมงาม
1056,1250,TH,Ngao,งาว
1057,1250,TH,Chae Hom,แจ้ห่ม
1058,1250,TH,Wang Nuea,วังเหนือ
1059,1250,TH,Thoen,เถิน
1060,1250,TH,Mae Phrik,แม่พริก
1061,1250,TH,Mae Tha,แม่ทะ
1062,1250,TH,Sop Prap,สบปราบ
1063,1250,TH,Hang Chat,ห้างฉัตร
1064,1250,TH,Mueang Pan,เมืองปาน
1065,1253,TH,Mueang Uttaradit,เมืองอุตรดิตถ์
1066,1253,TH,Tron,ตรอน
1067,1253,TH,Tha Pla,ท่าปลา
1068,1253,TH,Nam Pat,น้ำปาด
1069,1253,TH,Fak Tha,ฟากท่า
1070,1253,TH,Ban Khok,บ้านโคก
1071,1253,TH,Phichai,พิชัย
1072,1253,TH,Laplae,ลับแล
1073,1253,TH,Thong Saen Khan,ทองแสนขัน
1074,1248,TH,Mueang Phrae,เมืองแพร่
1075,1248,TH,Rong Kwang,ร้องกวาง
1076,1248,TH,Long,ลอง
1077,1248,TH,Sung Men,สูงเม่น
1078,1248,TH,Den Chai,เด่นชัย
1079,1248,TH,Song,สอง
1080,1248,TH,Wang Chin,วังชิ้น
1081,1248,TH,Nong Muang Khai,หนองม่วงไข่
1082,1243,TH,Mueang Nan,เมืองน่าน
1083,1243,TH,Mae Charim,แม่จริม
1084,1243,TH,Ban Luang,บ้านหลวง
1085,1243,TH,Na Noi,นาน้อย
1086,1243,TH,Pua,ปัว
1087,1243,TH,Tha Wang Pha,ท่าวังผา
1088,1243,TH,Wiang Sa,เวียงสา
1089,1243,TH,Thung Chang,ทุ่งช้าง
1090,1243,TH,Chiang Klang,เชียงกลาง
1091,1243,TH,Na Muen,นาหมื่น
1092,1243,TH,Santi Suk,สันติสุข
1093,1243,TH,Bo Kluea,บ่อเกลือ
1094,1243,TH,Song Khwae,สองแคว
1095,1243,TH,Phu Phiang,ภูเพียง
1096,1243,TH,Chaloem Phra Kiet,เฉลิมพระเกียรติ
1097,1244,TH,Mueang Phayao,เมืองพะเยา
1098,1244,TH,Chun,จุน
1099,1244,TH,Chiang Kham,เชียงคำ
1100,1244,TH,Chiang Muan,เชียงม่วน
1101,1244,TH,Dok Khamtai,ดอกคำใต้
1102,1244,TH,Pong,ปง
1103,1244,TH,Mae Chai,แม่ใจ
1104,1244,TH,Phu Sang,ภูซาง
1105,1244,TH,Phu Kamyao,ภูกามยาว
1106,1239,TH,Mueang Chiang Rai,เมืองเชียงราย
1107,1239,TH,Wiang Chai,เวียงชัย
1108,1239,TH,Chiang Khong,เชียงของ
1109,1239,TH,Thoeng,เทิง
1110,1239,TH,Phan,พาน
1111,1239,TH,Pa Daet,ป่าแดด
1112,1239,TH,Mae Chan,แม่จัน
1113,1239,TH,Chiang Saen,เชียงแสน
1114,1239,TH,Mae Sai,แม่สาย
1115,1239,TH,Mae Suai,แม่สรวย
1116,1239,TH,Wiang Pa Pao,เวียงป่าเป้า
1117,1239,TH,Phaya Mengrai,พญาเม็งราย
1118,1239,TH,Wiang Kaen,เวียงแก่น
1119,1239,TH,Khun Tan,ขุนตาล
1120,1239,TH,Mae Fa Luang,แม่ฟ้าหลวง
1121,1239,TH,Mae Lao,แม่ลาว
1122,1239,TH,Wiang Chiang Rung,เวียงเชียงรุ้ง
1123,1239,TH,Doi Luang,ดอยหลวง
1124,1249,TH,Mueang Mae Hong Son,เมืองแม่ฮ่องสอน
1125,1249,TH,Khun Yuam,ขุนยวม
1126,1249,TH,Pai,ปาย
1127,1249,TH,Mae Sariang,แม่สะเรียง
1128,1249,TH,Mae La Noi,แม่ลาน้อย
1129,1249,TH,Sop Moei,สบเมย
1130,1249,TH,Pang Mapha,ปางมะผ้า
1131,1242,TH,Mueang Nakhon Sawan,เมืองนครสวรรค์
1132,1242,TH,Krok Phra,โกรกพระ
1133,1242,TH,Chum Saeng,ชุมแสง
1134,1242,TH,Nong Bua,หนองบัว
1135,1242,TH,Banphot Phisai,บรรพตพิสัย
1136,1242,TH,Kao Liao,เก้าเลี้ยว
1137,1242,TH,Takhli,ตาคลี
1138,1242,TH,Tha Tako,ท่าตะโก
1139,1242,TH,Phaisali,ไพศาลี
1140,1242,TH,Phayuha Hkiri,พยุหะคีรี
1141,1242,TH,Lat Yao,ลาดยาว
1142,1242,TH,Tak Fa,ตากฟ้า
1143,1242,TH,Mae Wong,แม่วงก์
1144,1242,TH,Mae Pern,แม่เปิน
1145,1242,TH,Chum Ta Bong,ชุมตาบง
1146,1254,TH,Mueang Uthai Thani,เมืองอุทัยธานี
1147,1254,TH,Thap Than,ทัพทัน
1148,1254,TH,Sawang Arom,สว่างอารมณ์
1149,1254,TH,Nong Chang,หนองฉาง
1150,1254,TH,Nong Khayang,หนองขาหย่าง
1151,1254,TH,Ban Rai,บ้านไร่
1152,1254,TH,Lan Sak,ลานสัก
1153,1254,TH,Huai Khot,ห้วยคต
1154,1238,TH,Mueang Kamphaeng Phet,เมืองกำแพงเพชร
1155,1238,TH,Sai Ngam,ไทรงาม
1156,1238,TH,Khlong Lan,คลองลาน
1157,1238,TH,Khanu Woralaksaburi,ขาณุวรลักษบุรี
1158,1238,TH,Khlong Khlung,คลองขลุง
1159,1238,TH,Phran Kratai,พรานกระต่าย
1160,1238,TH,Lan Krabue,ลานกระบือ
1161,1238,TH,Sai Thong Watthana,ทรายทองวัฒนา
1162,1238,TH,Pang Sila Thong,ปางศิลาทอง
1163,1238,TH,Bueng Samakkhi,บึงสามัคคี
1164,1238,TH,Kosamphi Nakhon,โกสัมพีนคร
1165,1241,TH,Mueang Tak,เมืองตาก
1166,1241,TH,Ban Tak,บ้านตาก
1167,1241,TH,Sam Ngao,สามเงา
1168,1241,TH,Mae Ramat,แม่ระมาด
1169,1241,TH,Tha Song Yang,ท่าสองยาง
1170,1241,TH,Mae Sot,แม่สอด
1171,1241,TH,Phop Phra,พบพระ
1172,1241,TH,Um Phang,อุ้มผาง
1173,1241,TH,Wang Chao,วังเจ้า
1174,1252,TH,Mueang Sukhothai,เมืองสุโขทัย
1175,1252,TH,Ban Dan Lan Hoi,บ้านด่านลานหอย
1176,1252,TH,Khiri Mat,คีรีมาศ
1177,1252,TH,Kong Krailat,กงไกรลาศ
1178,1252,TH,Si Satchanalai,ศรีสัชนาลัย
1179,1252,TH,Si Samrong,ศรีสำโรง
1180,1252,TH,Sawankhalok,สวรรคโลก
1181,1252,TH,Si Nakhon,ศรีนคร
1182,1252,TH,Thung Saliam,ทุ่งเสลี่ยม
1183,1246,TH,Mueang Phitsanulok,เมืองพิษณุโลก
1184,1246,TH,Nakhon Thai,นครไทย
1185,1246,TH,Chat Trakan,ชาติตระการ
1186,1246,TH,Bang Rakam,บางระกำ
1187,1246,TH,Bang Krathum,บางกระทุ่ม
1188,1246,TH,Phrom Phiram,พรหมพิราม
1189,1246,TH,Wat Bot,วัดโบสถ์
1190,1246,TH,Wang Thong,วังทอง
1191,1246,TH,Noen Maprang,เนินมะปราง
1192,1245,TH,Mueang Phichit,เมืองพิจิตร
1193,1245,TH,Wang Sai Phun,วังทรายพูน
1194,1245,TH,Pho Prathap Chang,โพธิ์ประทับช้าง
1195,1245,TH,Taphan Hin,ตะพานหิน
1196,1245,TH,Bang Mun Nak,บางมูลนาก
1197,1245,TH,Pho Thale,โพทะเล
1198,1245,TH,Sam Ngam,สามง่าม
1199,1245,TH,Tap Khlo,ทับคล้อ
1200,1245,TH,Sak Lek,สากเหล็ก
1201,1245,TH,Bueng Na Rang,บึงนาราง
1202,1245,TH,Dong Charoen,ดงเจริญ
1203,1245,TH,Wachirabarami,วชิรบารมี
1204,1247,TH,Mueang Phetchabun,เมืองเพชรบูรณ์
1205,1247,TH,Chon Daen,ชนแดน
1206,1247,TH,Lom Sak,หล่มสัก
1207,1247,TH,Lom Kao,หล่มเก่า
1208,1247,TH,Wichian Buri,วิเชียรบุรี
1209,1247,TH,Si Thep,ศรีเทพ
1210,1247,TH,Nong Phai,หนองไผ่
1211,1247,TH,Bueng Sam Phan,บึงสามพัน
1212,1247,TH,Nam Nao,น้ำหนาว
1213,1247,TH,Wang Pong,วังโป่ง
1214,1247,TH,Khao Kho,เขาค้อ
1215,1208,TH,Mueang Ratchaburi,เมืองราชบุรี
1216,1208,TH,Chom Bueng,จอมบึง
1217,1208,TH,Suan Phueng,สวนผึ้ง
1218,1208,TH,Damnoen Saduak,ดำเนินสะดวก
1219,1208,TH,Ban Pong,บ้านโป่ง
1220,1208,TH,Bang Phae,บางแพ
1221,1208,TH,Photharam,โพธาราม
1222,1208,TH,Pak Tho,ปากท่อ
1223,1208,TH,Wat Phleng,วัดเพลง
1224,1208,TH,Ban Kha,บ้านคา
1225,1202,TH,Mueang Kanchanaburi,เมืองกาญจนบุรี
1226,1202,TH,Sai Yok,ไทรโยค
1227,1202,TH,Bo Phloi,บ่อพลอย
1228,1202,TH,Si Sawat,ศรีสวัสดิ์
1229,1202,TH,Tha Maka,ท่ามะกา
1230,1202,TH,Tha Muang,ท่าม่วง
1231,1202,TH,Thong Pha Phum,ทองผาภูมิ
1232,1202,TH,Sangkhla Buri,สังขละบุรี
1233,1202,TH,Phanom Thuan,พนมทวน
1234,1202,TH,Lao Khwan,เลาขวัญ
1235,1202,TH,Dan Makham Tia,ด่านมะขามเตี้ย
1236,1202,TH,Nong Prue,หนองปรือ
1237,1202,TH,Huai Krachao,ห้วยกระเจา
1238,1214,TH,Mueang Saphan Buri,เมืองสุพรรณบุรี
1239,1214,TH,Doem Bang Nang Buat,เดิมบางนางบวช
1240,1214,TH,Dan Chang,ด่านช้าง
1241,1214,TH,Bang Pla Ma,บางปลาม้า
1242,1214,TH,Si Prachan,ศรีประจันต์
1243,1214,TH,Don Chedi,ดอนเจดีย์
1244,1214,TH,Song Phi Nong,สองพี่น้อง
1245,1214,TH,Sam Chuk,สามชุก
1246,1214,TH,U Thong,อู่ทอง
1247,1214,TH,Nong Ya Sai,หนองหญ้าไซ
1248,1204,TH,Mueang Nakhon Pathom,เมืองนครปฐม
1249,1204,TH,Kamphaeng Saen,กำแพงแสน
1250,1204,TH,Nakhon Chai Si,นครชัยศรี
1251,1204,TH,Don Tum,ดอนตูม
1252,1204,TH,Bang Len,บางเลน
1253,1204,TH,Sam Phran,สามพราน
1254,1204,TH,Phutthamonthon,พุทธมณฑล
1255,1211,TH,Mueang Samut Sakhon,เมืองสมุทรสาคร
1256,1211,TH,Krathum Baen,กระทุ่มแบน
1257,1211,TH,Ban Phaeo,บ้านแพ้ว
1258,1210,TH,Mueang Samut Songkhram,เมืองสมุทรสงคราม
1259,1210,TH,Bang Khonthi,บางคนที
1260,1210,TH,Amphawa,อัมพวา
1261,1207,TH,Mueang Phetchaburi,เมืองเพชรบุรี
1262,1207,TH,Khao Yoi,เขาย้อย
1263,1207,TH,Nong Ya Plong,หนองหญ้าปล้อง
1264,1207,TH,Cha-Am,ชะอำ
1265,1207,TH,Tha Yang,ท่ายาง
1266,1207,TH,Ban Lat,บ้านลาด
1267,1207,TH,Ban Laem,บ้านแหลม
1268,1207,TH,Kaeng Krachan,แก่งกระจาน
1269,1205,TH,Mueang Prachuap Khiri Khan,เมืองประจวบคีรีขันธ์
1270,1205,TH,Kui Buri,กุยบุรี
1271,1205,TH,Thap Sakae,ทับสะแก
1272,1205,TH,Bang Saphan,บางสะพาน
1273,1205,TH,Bang Saphan Noi,บางสะพานน้อย
1274,1205,TH,Pran Buri,ปราณบุรี
1275,1205,TH,Hua Hin,หัวหิน
1276,1205,TH,Sam Roi Yot,สามร้อยยอด
1277,1227,TH,Mueang Nakhon Si Thammarat,เมืองนครศรีธรรมราช
1278,1227,TH,Phrom Khiri,พรหมคีรี
1279,1227,TH,Lan Saka,ลานสกา
1280,1227,TH,Chawang,ฉวาง
1281,1227,TH,Phipun,พิปูน
1282,1227,TH,Chian Yai,เชียรใหญ่
1283,1227,TH,Cha-Uat,ชะอวด
1284,1227,TH,Tha Sala,ท่าศาลา
1285,1227,TH,Thung Song,ทุ่งสง
1286,1227,TH,Na Bon,นาบอน
1287,1227,TH,Thung Yai,ทุ่งใหญ่
1288,1227,TH,Pak Phanang,ปากพนัง
1289,1227,TH,Ron Phibun,ร่อนพิบูลย์
1290,1227,TH,Sichon,สิชล
1291,1227,TH,Khanom,ขนอม
1292,1227,TH,Hua Sai,หัวไทร
1293,1227,TH,Bang Khan,บางขัน
1294,1227,TH,Tham Phannara,ถ้ำพรรณรา
1295,1227,TH,Chulabhorn,จุฬาภรณ์
1296,1227,TH,Phra Phrom,พระพรหม
1297,1227,TH,Nopphitam,นบพิตำ
1298,1227,TH,Chang Klang,ช้างกลาง
1299,1227,TH,Chaloem Phra Kiet,เฉลิมพระเกียรติ
1300,1224,TH,Mueang Krabi,เมืองกระบี่
1301,1224,TH,Khao Phanom,เขาพนม
1302,1224,TH,Ko Lanta,เกาะลันตา
1303,1224,TH,Khlong Thom,คลองท่อม
1304,1224,TH,Ao Luek,อ่าวลึก
1305,1224,TH,Plai Phraya,ปลายพระยา
1306,1224,TH,Lam Thap,ลำทับ
1307,1224,TH,Nuea Khlong,เหนือคลอง
1308,1230,TH,Mueang Phang-Nga,เมืองพังงา
1309,1230,TH,Ko Yao,เกาะยาว
1310,1230,TH,Kapong,กะปง
1311,1230,TH,Takua Thung,ตะกั่วทุ่ง
1312,1230,TH,Takua Pa,ตะกั่วป่า
1313,1230,TH,Khura Buri,คุระบุรี
1314,1230,TH,Thap Put,ทับปุด
1315,1230,TH,Thai Mueang,ท้ายเหมือง
1316,1232,TH,Mueang Phuket,เมืองภูเก็ต
1317,1232,TH,Kathu,กะทู้
1318,1232,TH,Thalang,ถลาง
1319,1237,TH,Mueang Surat Thani,เมืองสุราษฎร์ธานี
1320,1237,TH,Kanchanadit,กาญจนดิษฐ์
1321,1237,TH,Don Sak,ดอนสัก
1322,1237,TH,Ko Samui,เกาะสมุย
1323,1237,TH,Ko Pha-Ngan,เกาะพะงัน
1324,1237,TH,Chaiya,ไชยา
1325,1237,TH,Tha Chana,ท่าชนะ
1326,1237,TH,Khiri Rat Nikhom,คีรีรัฐนิคม
1327,1237,TH,Ban Ta Khun,บ้านตาขุน
1328,1237,TH,Phanom,พนม
1329,1237,TH,Tha Chang,ท่าฉาง
1330,1237,TH,Ban Na San,บ้านนาสาร
1331,1237,TH,Ban Na Doem,บ้านนาเดิม
1332,1237,TH,Khian Sa,เคียนซา
1333,1237,TH,Wiang Sa,เวียงสระ
1334,1237,TH,Phrasaeng,พระแสง
1335,1237,TH,Phunphin,พุนพิน
1336,1237,TH,Chai Buri,ชัยบุรี
1337,1237,TH,Vibhavadi,วิภาวดี
1338,1234,TH,Mueang Ranong,เมืองระนอง
1339,1234,TH,La-Un,ละอุ่น
1340,1234,TH,Papoe,กะเปอร์
1341,1234,TH,Kra Buri,กระบุรี
1342,1234,TH,Suk Samran,สุขสำราญ
1343,1225,TH,Mueang Chumphon,เมืองชุมพร
1344,1225,TH,Tha Sae,ท่าแซะ
1345,1225,TH,Pathio,ปะทิว
1346,1225,TH,Lang Suan,หลังสวน
1347,1225,TH,Lamae,ละแม
1348,1225,TH,Phato,พะโต๊ะ
1349,1225,TH,Sawi,สวี
1350,1225,TH,Thung Tako,ทุ่งตะโก
1351,1235,TH,Muaeng Songkhla,เมืองสงขลา
1352,1235,TH,Sathing Phra,สทิงพระ
1353,1235,TH,Chana,จะนะ
1354,1235,TH,Na Thawi,นาทวี
1355,1235,TH,Thepha,เทพา
1356,1235,TH,Saba Yoi,สะบ้าย้อย
1357,1235,TH,Ranot,ระโนด
1358,1235,TH,Krasae Sin,กระแสสินธุ์
1359,1235,TH,Rattaphum,รัตภูมิ
1360,1235,TH,Sadao,สะเดา
1361,1235,TH,Hat Yai,หาดใหญ่
1362,1235,TH,Na Mom,นาหม่อม
1363,1235,TH,Khuan Niang,ควนเนียง
1364,1235,TH,Bang Klam,บางกล่ำ
1365,1235,TH,Singhanakhon,สิงหนคร
1366,1235,TH,Khlong Hoi Khong,คลองหอยโข่ง
1367,1236,TH,Mueang Satun,เมืองสตูล
1368,1236,TH,Khuan Don,ควนโดน
1369,1236,TH,Khuan Kalong,ควนกาหลง
1370,1236,TH,Tha Phae,ท่าแพ
1371,1236,TH,La-Ngu,ละงู
1372,1236,TH,Thung Wa,ทุ่งหว้า
1373,1236,TH,Manang,มะนัง
1374,1226,TH,Mueang Trang,เมืองตรัง
1375,1226,TH,Kantang,กันตัง
1376,1226,TH,Yan Ta Khao,ย่านตาขาว
1377,1226,TH,Palian,ปะเหลียน
1378,1226,TH,Sikao,สิเกา
1379,1226,TH,Huai Yot,ห้วยยอด
1380,1226,TH,Wang Wiset,วังวิเศษ
1381,1226,TH,Na Yong,นาโยง
1382,1226,TH,Ratsada,รัษฎา
1383,1226,TH,Hat Samran,หาดสำราญ
1384,1231,TH,Mueang Phatthalung,เมืองพัทลุง
1385,1231,TH,Kong Ra,กงหรา
1386,1231,TH,Khao Chaison,เขาชัยสน
1387,1231,TH,Tamot,ตะโหมด
1388,1231,TH,Khuan Khanun,ควนขนุน
1389,1231,TH,Pak Phayun,ปากพะยูน
1390,1231,TH,Si Banphot,ศรีบรรพต
1391,1231,TH,Pa Bon,ป่าบอน
1392,1231,TH,Bang Kaeo,บางแก้ว
1393,1231,TH,Pa Phayom,ป่าพะยอม
1394,1231,TH,Srinagarindra,ศรีนครินทร์
1395,1229,TH,Mueang Pattani,เมืองปัตตานี
1396,1229,TH,Khok Pho,โคกโพธิ์
1397,1229,TH,Nong Chik,หนองจิก
1398,1229,TH,Panare,ปะนาเระ
1399,1229,TH,Mayo,มายอ
1400,1229,TH,Thung Yang Daeng,ทุ่งยางแดง
1401,1229,TH,Sai Buri,สายบุรี
1402,1229,TH,Mai Kaen,ไม้แก่น
1403,1229,TH,Yaring,ยะหริ่ง
1404,1229,TH,Yarang,ยะรัง
1405,1229,TH,Kapho,กะพ้อ
1406,1229,TH,Mae Lan,แม่ลาน
1407,1233,TH,Mueang Yala,เมืองยะลา
1408,1233,TH,Betong,เบตง
1409,1233,TH,Bannang Sata,บันนังสตา
1410,1233,TH,Than To,ธารโต
1411,1233,TH,Yaha,ยะหา
1412,1233,TH,Raman,รามัน
1413,1233,TH,Kabang,กาบัง
1414,1233,TH,Krong Pinang,กรงปินัง
1415,1228,TH,Mueang Narathiwat,เมืองนราธิวาส
1416,1228,TH,Tak Bai,ตากใบ
1417,1228,TH,Bacho,บาเจาะ
1418,1228,TH,Yi-Ngo,ยี่งอ
1419,1228,TH,Ra-Ngae,ระแงะ
1420,1228,TH,Rueso,รือเสาะ
1421,1228,TH,Si Sakhon,ศรีสาคร
1422,1228,TH,Waeng,แว้ง
1423,1228,TH,Sukhirin,สุคิริน
1424,1228,TH,Su-Ngai Kolok,สุไหงโกลก
1425,1228,TH,Su-Ngai Padi,สุไหงปาดี
1426,1228,TH,Chanae,จะแนะ
1427,1228,TH,Cho-Airong,เจาะไอร้อง